food,category,meal_types,unit_options,default_portion_size,kcal,protein,carbs,fat,health_score
Apple,fruit,"['Breakfast', 'Snack']","['piece', 'g']",1.0,52.0,0.3,13.8,0.2,light
Banana,fruit,"['Breakfast', 'Snack']","['piece', 'g']",1.0,89.0,1.1,22.8,0.3,moderate
Orange,fruit,"['Breakfast', 'Snack']","['piece', 'g']",1.0,47.0,0.9,11.7,0.1,light
Mango,fruit,"['Breakfast', 'Snack']","['piece', 'g']",1.0,60.0,0.8,15.0,0.4,light
Papaya,fruit,"['Breakfast', 'Snack']","['piece', 'g']",1.0,43.0,0.5,11.0,0.3,light
Guava,fruit,"['Breakfast', 'Snack']","['piece', 'g']",1.0,68.0,2.6,16.3,1.0,light
Pomegranate,fruit,"['Breakfast', 'Snack']","['piece', 'g']",1.0,83.0,1.7,18.7,1.2,light
Kiwi,fruit,"['Breakfast', 'Snack']","['piece', 'g']",1.0,42.0,0.8,10.1,0.4,light
Coconut,fruit,"['Breakfast', 'Snack']","['piece', 'g']",1.0,354.0,3.3,15.2,33.5,heavy
Watermelon,fruit,"['Breakfast', 'Snack']","['piece', 'g']",1.0,30.0,0.6,7.6,0.2,light
Grapes,fruit,"['Breakfast', 'Snack']","['piece', 'g']",1.0,69.0,0.7,18.0,0.2,light
Dates,fruit,"['Breakfast', 'Snack']","['piece', 'g']",1.0,282.0,2.5,75.0,0.4,moderate
Potato,veg,"['Lunch', 'Dinner', 'Snack']","['grams', 'g']",100.0,77.0,2.0,17.5,0.1,moderate
Onion,veg,"['Lunch', 'Dinner', 'Snack']","['grams', 'g']",100.0,40.0,1.1,9.3,0.1,light
Tomato,veg,"['Lunch', 'Dinner', 'Snack']","['grams', 'g']",100.0,22.0,1.1,4.8,0.2,light
Carrot,veg,"['Lunch', 'Dinner', 'Snack']","['grams', 'g']",100.0,41.0,0.9,9.6,0.2,light
Cucumber,veg,"['Lunch', 'Dinner', 'Snack']","['grams', 'g']",100.0,16.0,0.7,3.6,0.1,light
Spinach,veg,"['Lunch', 'Dinner', 'Snack']","['grams', 'g']",100.0,23.0,2.9,3.6,0.4,light
Cauliflower,veg,"['Lunch', 'Dinner', 'Snack']","['grams', 'g']",100.0,25.0,1.9,5.0,0.3,light
Broccoli,veg,"['Lunch', 'Dinner', 'Snack']","['grams', 'g']",100.0,55.0,3.7,11.2,0.6,light
Bell Pepper,veg,"['Lunch', 'Dinner', 'Snack']","['grams', 'g']",100.0,24.0,0.9,6.0,0.3,light
Mushroom,veg,"['Lunch', 'Dinner', 'Snack']","['grams', 'g']",100.0,22.0,3.1,3.3,0.3,light
Beans,veg,"['Lunch', 'Dinner', 'Snack']","['grams', 'g']",100.0,31.0,1.8,7.0,0.2,light
Garlic,veg,"['Lunch', 'Dinner', 'Snack']","['grams', 'g']",100.0,149.0,6.4,33.0,0.5,moderate
Ginger,veg,"['Lunch', 'Dinner', 'Snack']","['grams', 'g']",100.0,80.0,1.8,17.8,0.8,light
Milk,dairy,"['Breakfast', 'Lunch', 'Dinner', 'Snack']","['cup', 'g']",1.0,103.0,8.0,12.0,2.4,moderate
Skim Milk,dairy,"['Breakfast', 'Lunch', 'Dinner', 'Snack']","['cup', 'g']",1.0,60.0,7.0,5.0,0.3,light
Curd,dairy,"['Breakfast', 'Lunch', 'Dinner', 'Snack']","['cup', 'g', 'piece']",250.0,61.0,3.4,4.6,4.0,light
Low-fat Curd,dairy,"['Breakfast', 'Lunch', 'Dinner', 'Snack']","['cup', 'g']",250.0,50.0,3.0,4.0,1.5,light
Buttermilk,dairy,"['Breakfast', 'Snack', 'Lunch', 'Dinner']","['cup', 'g']",250.0,62.0,3.5,7.8,1.8,light
Greek Yogurt,dairy,"['Breakfast', 'Lunch', 'Dinner', 'Snack']",['g'],250.0,100.0,10.0,6.0,0.0,light
Egg,protein,"['Breakfast', 'Lunch', 'Dinner', 'Snack']","['piece', 'g']",1.0,78.0,6.3,0.6,5.3,light
Egg Whites,protein,"['Breakfast', 'Lunch', 'Dinner', 'Snack']","['g', 'piece']",100.0,52.0,11.0,0.7,0.2,light
Boiled Eggs,protein,"['Breakfast', 'Snack']","['piece', 'g']",1.0,155.0,13.0,1.1,11.0,moderate
Paneer,protein,"['Breakfast', 'Lunch', 'Dinner', 'Snack']","['grams', 'g']",100.0,265.0,18.3,3.4,20.8,moderate
Tofu,protein,"['Breakfast', 'Lunch', 'Dinner', 'Snack']","['grams', 'g']",100.0,76.0,8.0,1.9,4.8,light
Soya,protein,"['Breakfast', 'Lunch', 'Dinner', 'Snack']","['grams', 'g']",100.0,300.0,30.0,20.0,15.0,moderate
Chickpeas,protein,"['Breakfast', 'Lunch', 'Dinner', 'Snack']","['grams', 'g']",100.0,286.0,15.0,45.0,6.0,moderate
Chana,protein,"['Breakfast', 'Lunch', 'Dinner', 'Snack']","['grams', 'g']",100.0,387.0,22.0,58.0,7.0,moderate
Lentils,protein,"['Breakfast', 'Lunch', 'Dinner', 'Snack']","['grams', 'g']",100.0,352.0,25.0,60.0,2.0,moderate
Moong Dal,protein,"['Breakfast', 'Lunch', 'Dinner', 'Snack']","['grams', 'g']",100.0,105.0,7.8,19.0,1.2,light
Masoor Dal,protein,"['Breakfast', 'Lunch', 'Dinner', 'Snack']","['grams', 'g']",100.0,120.0,9.0,21.0,1.0,moderate
Dal,protein,"['Breakfast', 'Lunch', 'Dinner', 'Snack']","['grams', 'g']",100.0,116.0,9.0,20.0,0.4,moderate
Rajma,protein,"['Breakfast', 'Lunch', 'Dinner', 'Snack']","['grams', 'g']",100.0,127.0,7.5,23.0,1.2,moderate
Chole,protein,"['Breakfast', 'Lunch', 'Dinner', 'Snack']","['grams', 'g']",100.0,180.0,8.0,25.0,6.0,moderate
Soya Chunks,protein,"['Breakfast', 'Lunch', 'Dinner', 'Snack']","['grams', 'g']",100.0,333.0,52.0,22.0,8.0,heavy
Chicken,non-veg,"['Breakfast', 'Lunch', 'Dinner', 'Snack']","['grams', 'g']",100.0,165.0,31.0,0.0,3.6,moderate
Chicken Breast,non-veg,"['Breakfast', 'Lunch', 'Dinner', 'Snack']","['grams', 'g']",100.0,165.0,31.0,0.0,3.6,moderate
Chicken Tikka,non-veg,"['Lunch', 'Dinner']","['grams', 'g']",100.0,210.0,28.0,5.0,10.0,moderate
Roti,grain,"['Breakfast', 'Lunch', 'Dinner']","['grams', 'g', 'roti', 'cup', 'piece']",100.0,297.0,12.6,56.0,3.7,moderate
Chapati,grain,"['Breakfast', 'Lunch', 'Dinner']","['grams', 'g', 'roti', 'cup', 'piece']",100.0,297.0,12.6,56.0,3.7,moderate
Paratha,grain,"['Breakfast', 'Lunch', 'Dinner']","['grams', 'g', 'roti', 'cup', 'piece']",100.0,250.0,6.0,35.0,10.0,moderate
Naan,grain,"['Breakfast', 'Lunch', 'Dinner']","['grams', 'g', 'roti', 'cup', 'piece']",100.0,270.0,7.0,45.0,8.0,heavy
Bread,grain,"['Breakfast', 'Lunch', 'Dinner']","['grams', 'g', 'roti', 'cup', 'piece']",100.0,79.0,2.7,15.2,1.0,light
Brown Bread,grain,"['Breakfast', 'Lunch', 'Dinner']","['grams', 'g', 'roti', 'cup', 'piece']",100.0,95.0,3.5,17.0,1.5,light
Rice,grain,"['Breakfast', 'Lunch', 'Dinner']","['grams', 'g', 'roti', 'cup', 'piece']",100.0,130.0,2.7,28.0,0.3,moderate
Basmati Rice,grain,"['Breakfast', 'Lunch', 'Dinner']","['grams', 'g', 'roti', 'cup', 'piece']",100.0,150.0,3.2,32.0,0.5,moderate
Curd Rice,grain,"['Lunch', 'Dinner']","['grams', 'g', 'roti', 'cup', 'piece']",100.0,110.0,3.0,15.0,3.0,light
Biryani,grain,"['Lunch', 'Dinner']","['grams', 'g', 'roti', 'cup', 'piece']",100.0,150.0,4.0,25.0,5.0,moderate
Chicken Biryani,grain,"['Lunch', 'Dinner']","['grams', 'g', 'roti', 'cup', 'piece']",100.0,200.0,10.0,28.0,7.0,moderate
Veg Biryani,grain,"['Lunch', 'Dinner']","['grams', 'g', 'roti', 'cup', 'piece']",100.0,160.0,5.0,30.0,6.0,moderate
Veg Pulao,grain,"['Lunch', 'Dinner']","['grams', 'g', 'roti', 'cup', 'piece']",100.0,135.0,4.0,28.0,4.0,moderate
Maggi,snack,"['Lunch', 'Dinner', 'Snack']","['grams', 'g']",100.0,371.0,10.0,65.0,12.0,heavy
Maggi with Cheese,snack,"['Lunch', 'Dinner', 'Snack']","['grams', 'g']",100.0,410.0,14.0,60.0,16.0,heavy
Chips,snack,['Snack'],"['grams', 'g', 'piece']",30.0,536.0,7.0,49.0,39.0,heavy
French Fries,snack,"['Lunch', 'Dinner', 'Snack']","['grams', 'g']",100.0,312.0,3.4,41.0,15.0,heavy
Fried Samosa,snack,['Snack'],"['piece', 'g']",1.0,370.0,7.0,44.0,18.0,heavy
Pakora,snack,['Snack'],"['grams', 'g']",100.0,320.0,8.0,25.0,20.0,heavy
Roasted Chana,snack,['Snack'],"['grams', 'g']",100.0,360.0,20.0,55.0,6.0,moderate
Momos,snack,"['Snack', 'Lunch', 'Dinner']","['grams', 'g', 'piece']",100.0,200.0,8.0,25.0,7.0,moderate
Veg Momos,snack,"['Snack', 'Lunch', 'Dinner']","['grams', 'g', 'piece']",100.0,190.0,7.0,27.0,6.0,light
Chicken Momos,snack,"['Snack', 'Lunch', 'Dinner']","['grams', 'g', 'piece']",100.0,220.0,12.0,20.0,11.0,moderate
Pav Bhaji,street-food,"['Lunch', 'Dinner', 'Snack']","['grams', 'g']",100.0,140.0,5.0,18.0,5.0,moderate
Vada Pav,street-food,"['Snack', 'Lunch']","['piece', 'g']",1.0,310.0,8.0,35.0,16.0,heavy
Frankie,street-food,"['Snack', 'Lunch', 'Dinner']","['grams', 'g']",100.0,260.0,10.0,30.0,10.0,moderate
Cheese Frankie,street-food,"['Snack', 'Lunch', 'Dinner']","['grams', 'g']",100.0,300.0,12.0,28.0,16.0,heavy
Rolls,street-food,['Snack'],"['grams', 'g']",100.0,280.0,12.0,26.0,15.0,heavy
Bhel Puri,street-food,['Snack'],"['grams', 'g']",100.0,160.0,4.0,30.0,4.0,moderate
Sev Puri,street-food,['Snack'],"['grams', 'g']",100.0,210.0,5.0,32.0,9.0,heavy
Dahi Puri,street-food,['Snack'],"['grams', 'g']",100.0,150.0,4.0,24.0,5.0,light
Veg Sandwich,cafe,"['Lunch', 'Snack']","['piece', 'g']",1.0,210.0,9.0,25.0,8.0,moderate
Paneer Sandwich,cafe,"['Lunch', 'Snack']","['piece', 'g']",1.0,260.0,14.0,28.0,10.0,moderate
Chicken Sandwich,cafe,"['Lunch', 'Snack']","['piece', 'g']",1.0,280.0,18.0,24.0,11.0,moderate
Grilled Sandwich,cafe,"['Lunch', 'Snack']","['piece', 'g']",1.0,240.0,12.0,26.0,9.0,moderate
Burger,fast-food,"['Lunch', 'Dinner', 'Snack']","['piece', 'g']",1.0,295.0,14.0,31.0,14.0,heavy
Cheeseburger,fast-food,"['Lunch', 'Dinner', 'Snack']","['piece', 'g']",1.0,340.0,18.0,34.0,18.0,heavy
Chicken Burger,fast-food,"['Lunch', 'Dinner', 'Snack']","['piece', 'g']",1.0,330.0,22.0,28.0,16.0,heavy
Pizza,restaurant,"['Lunch', 'Dinner', 'Snack']","['piece', 'g']",1.0,250.0,11.0,30.0,10.0,heavy
Margherita Pizza,restaurant,"['Lunch', 'Dinner', 'Snack']","['piece', 'g']",1.0,220.0,9.0,28.0,8.0,moderate
Pepperoni Pizza,restaurant,"['Lunch', 'Dinner', 'Snack']","['piece', 'g']",1.0,280.0,13.0,30.0,14.0,heavy
Chicken Pizza,restaurant,"['Lunch', 'Dinner', 'Snack']","['piece', 'g']",1.0,260.0,16.0,30.0,10.0,moderate
Wrap,cafe,"['Lunch', 'Dinner', 'Snack']","['grams', 'g', 'piece']",100.0,240.0,12.0,28.0,9.0,moderate
Chicken Wrap,cafe,"['Lunch', 'Dinner', 'Snack']","['grams', 'g', 'piece']",100.0,260.0,18.0,22.0,12.0,moderate
Instant Noodles,quick-meal,"['Lunch', 'Dinner', 'Snack']","['grams', 'g']",100.0,380.0,10.0,65.0,12.0,heavy
Veg Noodles,quick-meal,"['Lunch', 'Dinner', 'Snack']","['grams', 'g']",100.0,150.0,5.0,28.0,3.0,light
Egg Noodles,quick-meal,"['Lunch', 'Dinner', 'Snack']","['grams', 'g']",100.0,170.0,7.0,26.0,4.0,moderate
Pasta,restaurant,"['Lunch', 'Dinner']","['grams', 'g']",100.0,160.0,6.0,28.0,3.0,moderate
Pasta Alfredo,restaurant,"['Lunch', 'Dinner']","['grams', 'g']",100.0,250.0,8.0,20.0,14.0,heavy
Spaghetti,restaurant,"['Lunch', 'Dinner']","['grams', 'g']",100.0,155.0,6.0,29.0,3.0,moderate
Lasagna (homestyle),restaurant,"['Lunch', 'Dinner']","['grams', 'g']",100.0,200.0,10.0,22.0,9.0,heavy
Chicken Pasta,restaurant,"['Lunch', 'Dinner']","['grams', 'g']",100.0,220.0,16.0,18.0,12.0,moderate
Masala Chai,drinks,"['Breakfast', 'Snack']","['cup', 'g']",1.0,45.0,1.2,8.5,1.5,light
Plain Tea,drinks,"['Breakfast', 'Snack']","['cup', 'g']",1.0,1.0,0.0,0.2,0.0,light
Coffee,drinks,"['Breakfast', 'Snack']","['cup', 'g']",1.0,2.0,0.3,0.2,0.0,light
Cold Coffee,drinks,"['Snack', 'Breakfast']","['cup', 'g']",1.0,120.0,3.0,20.0,3.5,moderate
Coffee Shake,drinks,['Snack'],"['cup', 'g']",1.0,200.0,6.0,30.0,7.0,heavy
Milkshake,dessert,['Snack'],"['cup', 'g']",1.0,300.0,8.0,45.0,10.0,heavy
Sugar,sweet,"['Breakfast', 'Snack']","['cup', 'g']",10.0,387.0,0.0,100.0,0.0,heavy
Soft Drink,drinks,['Snack'],"['cup', 'g']",330.0,42.0,0.0,10.5,0.0,heavy
Juice,drinks,"['Breakfast', 'Snack']","['cup', 'g']",1.0,45.0,0.5,10.8,0.0,moderate
Orange Juice,drinks,"['Breakfast', 'Snack']","['cup', 'g']",1.0,45.0,0.7,10.4,0.1,moderate
Fruit Smoothie,drinks,"['Breakfast', 'Snack']","['cup', 'g']",1.0,120.0,2.0,28.0,1.0,light
Protein Smoothie,drinks,"['Breakfast', 'Snack']","['cup', 'g']",1.0,220.0,20.0,20.0,3.0,light
Egg White Omelette,gym,['Breakfast'],"['grams', 'g', 'piece']",100.0,140.0,12.0,1.5,10.0,moderate
Skim Milk Bowl,gym,['Breakfast'],"['cup', 'g']",1.0,60.0,7.0,5.0,0.3,light
Chocolate,dessert,['Snack'],"['g', 'grams']",10.0,579.0,7.0,61.0,35.0,heavy
Dark Chocolate,dessert,['Snack'],"['g', 'grams']",10.0,546.0,8.0,46.0,43.0,moderate
Ice Cream,dessert,['Snack'],"['g', 'grams']",100.0,207.0,3.5,23.0,11.0,heavy
Cupcake,bakery,['Snack'],"['g', 'grams']",1.0,300.0,5.0,40.0,14.0,heavy
Muffin,bakery,['Snack'],"['g', 'grams']",1.0,320.0,7.0,38.0,16.0,heavy
Brownie,bakery,['Snack'],"['g', 'grams']",1.0,350.0,5.0,45.0,18.0,heavy
Biscuits,snack,['Snack'],"['piece', 'g']",1.0,500.0,7.0,65.0,20.0,heavy
Biscuit (Marie),snack,['Snack'],"['piece', 'g']",1.0,400.0,6.0,72.0,8.0,heavy
Idli Sambar,homemade,"['Lunch', 'Dinner']","['grams', 'g']",100.0,90.0,3.0,12.0,2.0,light
Sambar,homemade,"['Lunch', 'Dinner']","['grams', 'g']",100.0,90.0,3.0,12.0,2.0,light
Rasam,homemade,"['Lunch', 'Dinner']","['grams', 'g']",100.0,90.0,3.0,12.0,2.0,light
Vegetable Sambar,homemade,"['Lunch', 'Dinner']","['grams', 'g']",100.0,90.0,3.0,12.0,2.0,light
Avial,homemade,"['Lunch', 'Dinner']","['grams', 'g']",100.0,90.0,3.0,12.0,2.0,light
Vellai Paniyaram,homemade,"['Lunch', 'Dinner']","['grams', 'g']",100.0,90.0,3.0,12.0,2.0,light
Egg Dosa,homemade,"['Lunch', 'Dinner']","['grams', 'g']",100.0,90.0,3.0,12.0,2.0,light
Plain Dosa,homemade,"['Lunch', 'Dinner']","['grams', 'g']",100.0,90.0,3.0,12.0,2.0,light
Dal Tadka,homemade,"['Lunch', 'Dinner']","['grams', 'g']",100.0,150.0,6.0,22.0,4.0,moderate
Dal Fry,homemade,"['Lunch', 'Dinner']","['grams', 'g']",100.0,150.0,6.0,22.0,4.0,moderate
Aloo Gobi,homemade,"['Lunch', 'Dinner']","['grams', 'g']",100.0,150.0,6.0,22.0,4.0,moderate
Bhindi Masala,homemade,"['Lunch', 'Dinner']","['grams', 'g']",100.0,150.0,6.0,22.0,4.0,moderate
Baingan Bharta,homemade,"['Lunch', 'Dinner']","['grams', 'g']",100.0,150.0,6.0,22.0,4.0,moderate
Palak Paneer,homemade,"['Lunch', 'Dinner']","['grams', 'g']",100.0,150.0,6.0,22.0,4.0,moderate
Matar Paneer,homemade,"['Lunch', 'Dinner']","['grams', 'g']",100.0,150.0,6.0,22.0,4.0,moderate
Chicken Curry,homemade,"['Lunch', 'Dinner']","['grams', 'g']",100.0,150.0,6.0,22.0,4.0,moderate
Misal,homemade,"['Snack', 'Lunch', 'Dinner']","['grams', 'g']",100.0,130.0,5.0,18.0,3.5,moderate
Misal Pav,homemade,"['Snack', 'Lunch', 'Dinner']","['grams', 'g']",100.0,130.0,5.0,18.0,3.5,moderate
Kothimbir Vadi,homemade,"['Snack', 'Lunch', 'Dinner']","['grams', 'g']",100.0,130.0,5.0,18.0,3.5,moderate
Usal,homemade,"['Snack', 'Lunch', 'Dinner']","['grams', 'g']",100.0,130.0,5.0,18.0,3.5,moderate
Pithla,homemade,"['Snack', 'Lunch', 'Dinner']","['grams', 'g']",100.0,130.0,5.0,18.0,3.5,moderate
Sabudana Khichdi,homemade,"['Snack', 'Lunch', 'Dinner']","['grams', 'g']",100.0,130.0,5.0,18.0,3.5,moderate
Loaded Nachos,cafe,"['Lunch', 'Dinner', 'Snack']","['grams', 'g']",100.0,220.0,10.0,25.0,10.0,moderate
Paneer Tikka,cafe,"['Lunch', 'Dinner', 'Snack']","['grams', 'g']",100.0,220.0,10.0,25.0,10.0,moderate
Caesar Salad,cafe,"['Lunch', 'Dinner', 'Snack']","['grams', 'g']",100.0,220.0,10.0,25.0,10.0,moderate
Veg Burger Bowl,cafe,"['Lunch', 'Dinner', 'Snack']","['grams', 'g']",100.0,220.0,10.0,25.0,10.0,moderate
Nachos,cafe,"['Lunch', 'Dinner', 'Snack']","['grams', 'g']",100.0,220.0,10.0,25.0,10.0,moderate
Cheese Garlic Bread,cafe,"['Lunch', 'Dinner', 'Snack']","['grams', 'g']",100.0,220.0,10.0,25.0,10.0,moderate
Cold Coffee - Mocha,drinks,['Snack'],"['cup', 'g']",1.0,140.0,3.0,22.0,5.0,moderate
Cold Coffee - Caramel,drinks,['Snack'],"['cup', 'g']",1.0,140.0,3.0,22.0,5.0,moderate
Cold Coffee - Vanilla,drinks,['Snack'],"['cup', 'g']",1.0,140.0,3.0,22.0,5.0,moderate
Cold Coffee - Hazelnut,drinks,['Snack'],"['cup', 'g']",1.0,140.0,3.0,22.0,5.0,moderate
Cold Coffee - Chocolate,drinks,['Snack'],"['cup', 'g']",1.0,140.0,3.0,22.0,5.0,moderate
Milkshake - Vanilla,dessert,['Snack'],"['cup', 'g']",1.0,320.0,8.0,45.0,12.0,heavy
Milkshake - Chocolate,dessert,['Snack'],"['cup', 'g']",1.0,320.0,8.0,45.0,12.0,heavy
Milkshake - Strawberry,dessert,['Snack'],"['cup', 'g']",1.0,320.0,8.0,45.0,12.0,heavy
Milkshake - Mango,dessert,['Snack'],"['cup', 'g']",1.0,320.0,8.0,45.0,12.0,heavy
Milkshake - Coffee,dessert,['Snack'],"['cup', 'g']",1.0,320.0,8.0,45.0,12.0,heavy
Tea - Masala Chai,drinks,"['Breakfast', 'Snack']","['cup', 'g']",1.0,45.0,1.0,9.0,1.2,light
Tea - Ginger Tea,drinks,"['Breakfast', 'Snack']","['cup', 'g']",1.0,45.0,1.0,9.0,1.2,light
Tea - Elaichi Tea,drinks,"['Breakfast', 'Snack']","['cup', 'g']",1.0,45.0,1.0,9.0,1.2,light
Tea - Lemon Tea,drinks,"['Breakfast', 'Snack']","['cup', 'g']",1.0,45.0,1.0,9.0,1.2,light
Tea - Iced Tea,drinks,"['Breakfast', 'Snack']","['cup', 'g']",1.0,45.0,1.0,9.0,1.2,light
Biryani - Hyderabadi,restaurant,"['Lunch', 'Dinner']","['grams', 'g']",100.0,165.0,5.0,28.0,6.0,moderate
Biryani - Lucknowi,restaurant,"['Lunch', 'Dinner']","['grams', 'g']",100.0,165.0,5.0,28.0,6.0,moderate
Biryani - Awadhi,restaurant,"['Lunch', 'Dinner']","['grams', 'g']",100.0,165.0,5.0,28.0,6.0,moderate
Biryani - Kolkata,restaurant,"['Lunch', 'Dinner']","['grams', 'g']",100.0,165.0,5.0,28.0,6.0,moderate
Biryani - Dum,restaurant,"['Lunch', 'Dinner']","['grams', 'g']",100.0,165.0,5.0,28.0,6.0,moderate
Chicken Biryani - Dum,restaurant,"['Lunch', 'Dinner']","['grams', 'g']",100.0,210.0,15.0,25.0,10.0,moderate
Chicken Biryani - Kadhai,restaurant,"['Lunch', 'Dinner']","['grams', 'g']",100.0,210.0,15.0,25.0,10.0,moderate
Chicken Biryani - Bombay,restaurant,"['Lunch', 'Dinner']","['grams', 'g']",100.0,210.0,15.0,25.0,10.0,moderate
Chicken Biryani - Hyderabadi,restaurant,"['Lunch', 'Dinner']","['grams', 'g']",100.0,210.0,15.0,25.0,10.0,moderate
Noodles - Veg,restaurant,"['Lunch', 'Dinner', 'Snack']","['grams', 'g']",100.0,180.0,6.0,30.0,5.0,moderate
Noodles - Egg,restaurant,"['Lunch', 'Dinner', 'Snack']","['grams', 'g']",100.0,180.0,6.0,30.0,5.0,moderate
Noodles - Schezuan,restaurant,"['Lunch', 'Dinner', 'Snack']","['grams', 'g']",100.0,180.0,6.0,30.0,5.0,moderate
Noodles - Manchurian,restaurant,"['Lunch', 'Dinner', 'Snack']","['grams', 'g']",100.0,180.0,6.0,30.0,5.0,moderate
Noodles - Cheese,restaurant,"['Lunch', 'Dinner', 'Snack']","['grams', 'g']",100.0,180.0,6.0,30.0,5.0,moderate
Pizza - Margherita,restaurant,"['Lunch', 'Dinner', 'Snack']","['grams', 'g']",100.0,250.0,11.0,30.0,10.0,heavy
Pizza - Veggie,restaurant,"['Lunch', 'Dinner', 'Snack']","['grams', 'g']",100.0,250.0,11.0,30.0,10.0,heavy
Pizza - Paneer,restaurant,"['Lunch', 'Dinner', 'Snack']","['grams', 'g']",100.0,250.0,11.0,30.0,10.0,heavy
Pizza - Chicken,restaurant,"['Lunch', 'Dinner', 'Snack']","['grams', 'g']",100.0,250.0,11.0,30.0,10.0,heavy
Pizza - Cheese,restaurant,"['Lunch', 'Dinner', 'Snack']","['grams', 'g']",100.0,250.0,11.0,30.0,10.0,heavy
Sandwich - Veg,cafe,"['Lunch', 'Snack']","['piece', 'g']",1.0,240.0,12.0,25.0,9.0,moderate
Sandwich - Paneer,cafe,"['Lunch', 'Snack']","['piece', 'g']",1.0,240.0,12.0,25.0,9.0,moderate
Sandwich - Chicken,cafe,"['Lunch', 'Snack']","['piece', 'g']",1.0,240.0,12.0,25.0,9.0,moderate
Sandwich - Cheese,cafe,"['Lunch', 'Snack']","['piece', 'g']",1.0,240.0,12.0,25.0,9.0,moderate
Wrap - Veg,cafe,"['Lunch', 'Dinner', 'Snack']","['grams', 'g']",100.0,240.0,12.0,28.0,9.0,moderate
Wrap - Paneer,cafe,"['Lunch', 'Dinner', 'Snack']","['grams', 'g']",100.0,240.0,12.0,28.0,9.0,moderate
Wrap - Chicken,cafe,"['Lunch', 'Dinner', 'Snack']","['grams', 'g']",100.0,240.0,12.0,28.0,9.0,moderate
Wrap - Cheese,cafe,"['Lunch', 'Dinner', 'Snack']","['grams', 'g']",100.0,240.0,12.0,28.0,9.0,moderate
Bakery Item - Croissant,bakery,['Snack'],"['g', 'grams']",1.0,320.0,6.0,45.0,15.0,heavy
Bakery Item - Donut,bakery,['Snack'],"['g', 'grams']",1.0,320.0,6.0,45.0,15.0,heavy
Bakery Item - Puff,bakery,['Snack'],"['g', 'grams']",1.0,320.0,6.0,45.0,15.0,heavy
Bakery Item - Eclair,bakery,['Snack'],"['g', 'grams']",1.0,320.0,6.0,45.0,15.0,heavy
Bakery Item - Scone,bakery,['Snack'],"['g', 'grams']",1.0,320.0,6.0,45.0,15.0,heavy
Dal - Mild,homemade,"['Lunch', 'Dinner']","['grams', 'g']",100.0,140.0,7.0,20.0,5.0,moderate
Dal - Medium,homemade,"['Lunch', 'Dinner']","['grams', 'g']",100.0,140.0,7.0,20.0,5.0,moderate
Dal - Spicy,homemade,"['Lunch', 'Dinner']","['grams', 'g']",100.0,140.0,7.0,20.0,5.0,moderate
Dal - Tandoori,homemade,"['Lunch', 'Dinner']","['grams', 'g']",100.0,140.0,7.0,20.0,5.0,moderate
Dal - Masala,homemade,"['Lunch', 'Dinner']","['grams', 'g']",100.0,140.0,7.0,20.0,5.0,moderate
Dal - Butter,homemade,"['Lunch', 'Dinner']","['grams', 'g']",100.0,140.0,7.0,20.0,5.0,moderate
Dal - Creamy,homemade,"['Lunch', 'Dinner']","['grams', 'g']",100.0,140.0,7.0,20.0,5.0,moderate
Dal - Gravy,homemade,"['Lunch', 'Dinner']","['grams', 'g']",100.0,140.0,7.0,20.0,5.0,moderate
Dal - Kadhai,homemade,"['Lunch', 'Dinner']","['grams', 'g']",100.0,140.0,7.0,20.0,5.0,moderate
Dal - Village Style,homemade,"['Lunch', 'Dinner']","['grams', 'g']",100.0,140.0,7.0,20.0,5.0,moderate
Dal - Dhaba Style,homemade,"['Lunch', 'Dinner']","['grams', 'g']",100.0,140.0,7.0,20.0,5.0,moderate
Dal Tadka - Mild,homemade,"['Lunch', 'Dinner']","['grams', 'g']",100.0,140.0,7.0,20.0,5.0,moderate
Dal Tadka - Medium,homemade,"['Lunch', 'Dinner']","['grams', 'g']",100.0,140.0,7.0,20.0,5.0,moderate
Dal Tadka - Spicy,homemade,"['Lunch', 'Dinner']","['grams', 'g']",100.0,140.0,7.0,20.0,5.0,moderate
Dal Tadka - Tandoori,homemade,"['Lunch', 'Dinner']","['grams', 'g']",100.0,140.0,7.0,20.0,5.0,moderate
Dal Tadka - Masala,homemade,"['Lunch', 'Dinner']","['grams', 'g']",100.0,140.0,7.0,20.0,5.0,moderate
Dal Tadka - Butter,homemade,"['Lunch', 'Dinner']","['grams', 'g']",100.0,140.0,7.0,20.0,5.0,moderate
Dal Tadka - Creamy,homemade,"['Lunch', 'Dinner']","['grams', 'g']",100.0,140.0,7.0,20.0,5.0,moderate
Dal Tadka - Gravy,homemade,"['Lunch', 'Dinner']","['grams', 'g']",100.0,140.0,7.0,20.0,5.0,moderate
Dal Tadka - Kadhai,homemade,"['Lunch', 'Dinner']","['grams', 'g']",100.0,140.0,7.0,20.0,5.0,moderate
Dal Tadka - Village Style,homemade,"['Lunch', 'Dinner']","['grams', 'g']",100.0,140.0,7.0,20.0,5.0,moderate
Dal Tadka - Dhaba Style,homemade,"['Lunch', 'Dinner']","['grams', 'g']",100.0,140.0,7.0,20.0,5.0,moderate
Dal Fry - Mild,homemade,"['Lunch', 'Dinner']","['grams', 'g']",100.0,140.0,7.0,20.0,5.0,moderate
Dal Fry - Medium,homemade,"['Lunch', 'Dinner']","['grams', 'g']",100.0,140.0,7.0,20.0,5.0,moderate
Dal Fry - Spicy,homemade,"['Lunch', 'Dinner']","['grams', 'g']",100.0,140.0,7.0,20.0,5.0,moderate
Dal Fry - Tandoori,homemade,"['Lunch', 'Dinner']","['grams', 'g']",100.0,140.0,7.0,20.0,5.0,moderate
Dal Fry - Masala,homemade,"['Lunch', 'Dinner']","['grams', 'g']",100.0,140.0,7.0,20.0,5.0,moderate
Dal Fry - Butter,homemade,"['Lunch', 'Dinner']","['grams', 'g']",100.0,140.0,7.0,20.0,5.0,moderate
Dal Fry - Creamy,homemade,"['Lunch', 'Dinner']","['grams', 'g']",100.0,140.0,7.0,20.0,5.0,moderate
Dal Fry - Gravy,homemade,"['Lunch', 'Dinner']","['grams', 'g']",100.0,140.0,7.0,20.0,5.0,moderate
Dal Fry - Kadhai,homemade,"['Lunch', 'Dinner']","['grams', 'g']",100.0,140.0,7.0,20.0,5.0,moderate
Dal Fry - Village Style,homemade,"['Lunch', 'Dinner']","['grams', 'g']",100.0,140.0,7.0,20.0,5.0,moderate
Dal Fry - Dhaba Style,homemade,"['Lunch', 'Dinner']","['grams', 'g']",100.0,140.0,7.0,20.0,5.0,moderate
Moong Dal - Mild,homemade,"['Lunch', 'Dinner']","['grams', 'g']",100.0,140.0,7.0,20.0,5.0,moderate
Moong Dal - Medium,homemade,"['Lunch', 'Dinner']","['grams', 'g']",100.0,140.0,7.0,20.0,5.0,moderate
Moong Dal - Spicy,homemade,"['Lunch', 'Dinner']","['grams', 'g']",100.0,140.0,7.0,20.0,5.0,moderate
Moong Dal - Tandoori,homemade,"['Lunch', 'Dinner']","['grams', 'g']",100.0,140.0,7.0,20.0,5.0,moderate
Moong Dal - Masala,homemade,"['Lunch', 'Dinner']","['grams', 'g']",100.0,140.0,7.0,20.0,5.0,moderate
Moong Dal - Butter,homemade,"['Lunch', 'Dinner']","['grams', 'g']",100.0,140.0,7.0,20.0,5.0,moderate
Moong Dal - Creamy,homemade,"['Lunch', 'Dinner']","['grams', 'g']",100.0,140.0,7.0,20.0,5.0,moderate
Moong Dal - Gravy,homemade,"['Lunch', 'Dinner']","['grams', 'g']",100.0,140.0,7.0,20.0,5.0,moderate
Moong Dal - Kadhai,homemade,"['Lunch', 'Dinner']","['grams', 'g']",100.0,140.0,7.0,20.0,5.0,moderate
Moong Dal - Village Style,homemade,"['Lunch', 'Dinner']","['grams', 'g']",100.0,140.0,7.0,20.0,5.0,moderate
Moong Dal - Dhaba Style,homemade,"['Lunch', 'Dinner']","['grams', 'g']",100.0,140.0,7.0,20.0,5.0,moderate
Masoor Dal - Mild,homemade,"['Lunch', 'Dinner']","['grams', 'g']",100.0,140.0,7.0,20.0,5.0,moderate
Masoor Dal - Medium,homemade,"['Lunch', 'Dinner']","['grams', 'g']",100.0,140.0,7.0,20.0,5.0,moderate
Masoor Dal - Spicy,homemade,"['Lunch', 'Dinner']","['grams', 'g']",100.0,140.0,7.0,20.0,5.0,moderate
Masoor Dal - Tandoori,homemade,"['Lunch', 'Dinner']","['grams', 'g']",100.0,140.0,7.0,20.0,5.0,moderate
Masoor Dal - Masala,homemade,"['Lunch', 'Dinner']","['grams', 'g']",100.0,140.0,7.0,20.0,5.0,moderate
Masoor Dal - Butter,homemade,"['Lunch', 'Dinner']","['grams', 'g']",100.0,140.0,7.0,20.0,5.0,moderate
Masoor Dal - Creamy,homemade,"['Lunch', 'Dinner']","['grams', 'g']",100.0,140.0,7.0,20.0,5.0,moderate
Masoor Dal - Gravy,homemade,"['Lunch', 'Dinner']","['grams', 'g']",100.0,140.0,7.0,20.0,5.0,moderate
Masoor Dal - Kadhai,homemade,"['Lunch', 'Dinner']","['grams', 'g']",100.0,140.0,7.0,20.0,5.0,moderate
Masoor Dal - Village Style,homemade,"['Lunch', 'Dinner']","['grams', 'g']",100.0,140.0,7.0,20.0,5.0,moderate
Masoor Dal - Dhaba Style,homemade,"['Lunch', 'Dinner']","['grams', 'g']",100.0,140.0,7.0,20.0,5.0,moderate
Chana Masala - Mild,homemade,"['Lunch', 'Dinner']","['grams', 'g']",100.0,140.0,7.0,20.0,5.0,moderate
Chana Masala - Medium,homemade,"['Lunch', 'Dinner']","['grams', 'g']",100.0,140.0,7.0,20.0,5.0,moderate
Chana Masala - Spicy,homemade,"['Lunch', 'Dinner']","['grams', 'g']",100.0,140.0,7.0,20.0,5.0,moderate
Chana Masala - Tandoori,homemade,"['Lunch', 'Dinner']","['grams', 'g']",100.0,140.0,7.0,20.0,5.0,moderate
Chana Masala - Masala,homemade,"['Lunch', 'Dinner']","['grams', 'g']",100.0,140.0,7.0,20.0,5.0,moderate
Chana Masala - Butter,homemade,"['Lunch', 'Dinner']","['grams', 'g']",100.0,140.0,7.0,20.0,5.0,moderate
Chana Masala - Creamy,homemade,"['Lunch', 'Dinner']","['grams', 'g']",100.0,140.0,7.0,20.0,5.0,moderate
Chana Masala - Gravy,homemade,"['Lunch', 'Dinner']","['grams', 'g']",100.0,140.0,7.0,20.0,5.0,moderate
Chana Masala - Kadhai,homemade,"['Lunch', 'Dinner']","['grams', 'g']",100.0,140.0,7.0,20.0,5.0,moderate
Chana Masala - Village Style,homemade,"['Lunch', 'Dinner']","['grams', 'g']",100.0,140.0,7.0,20.0,5.0,moderate
Chana Masala - Dhaba Style,homemade,"['Lunch', 'Dinner']","['grams', 'g']",100.0,140.0,7.0,20.0,5.0,moderate
Chole - Mild,homemade,"['Lunch', 'Dinner']","['grams', 'g']",100.0,140.0,7.0,20.0,5.0,moderate
Chole - Medium,homemade,"['Lunch', 'Dinner']","['grams', 'g']",100.0,140.0,7.0,20.0,5.0,moderate
Chole - Spicy,homemade,"['Lunch', 'Dinner']","['grams', 'g']",100.0,140.0,7.0,20.0,5.0,moderate
Chole - Tandoori,homemade,"['Lunch', 'Dinner']","['grams', 'g']",100.0,140.0,7.0,20.0,5.0,moderate
Chole - Masala,homemade,"['Lunch', 'Dinner']","['grams', 'g']",100.0,140.0,7.0,20.0,5.0,moderate
Chole - Butter,homemade,"['Lunch', 'Dinner']","['grams', 'g']",100.0,140.0,7.0,20.0,5.0,moderate
Chole - Creamy,homemade,"['Lunch', 'Dinner']","['grams', 'g']",100.0,140.0,7.0,20.0,5.0,moderate
Chole - Gravy,homemade,"['Lunch', 'Dinner']","['grams', 'g']",100.0,140.0,7.0,20.0,5.0,moderate
Chole - Kadhai,homemade,"['Lunch', 'Dinner']","['grams', 'g']",100.0,140.0,7.0,20.0,5.0,moderate
Chole - Village Style,homemade,"['Lunch', 'Dinner']","['grams', 'g']",100.0,140.0,7.0,20.0,5.0,moderate
Chole - Dhaba Style,homemade,"['Lunch', 'Dinner']","['grams', 'g']",100.0,140.0,7.0,20.0,5.0,moderate
Rajma - Mild,homemade,"['Lunch', 'Dinner']","['grams', 'g']",100.0,140.0,7.0,20.0,5.0,moderate
Rajma - Medium,homemade,"['Lunch', 'Dinner']","['grams', 'g']",100.0,140.0,7.0,20.0,5.0,moderate
Rajma - Spicy,homemade,"['Lunch', 'Dinner']","['grams', 'g']",100.0,140.0,7.0,20.0,5.0,moderate
Rajma - Tandoori,homemade,"['Lunch', 'Dinner']","['grams', 'g']",100.0,140.0,7.0,20.0,5.0,moderate
Rajma - Masala,homemade,"['Lunch', 'Dinner']","['grams', 'g']",100.0,140.0,7.0,20.0,5.0,moderate
Rajma - Butter,homemade,"['Lunch', 'Dinner']","['grams', 'g']",100.0,140.0,7.0,20.0,5.0,moderate
Rajma - Creamy,homemade,"['Lunch', 'Dinner']","['grams', 'g']",100.0,140.0,7.0,20.0,5.0,moderate
Rajma - Gravy,homemade,"['Lunch', 'Dinner']","['grams', 'g']",100.0,140.0,7.0,20.0,5.0,moderate
Rajma - Kadhai,homemade,"['Lunch', 'Dinner']","['grams', 'g']",100.0,140.0,7.0,20.0,5.0,moderate
Rajma - Village Style,homemade,"['Lunch', 'Dinner']","['grams', 'g']",100.0,140.0,7.0,20.0,5.0,moderate
Rajma - Dhaba Style,homemade,"['Lunch', 'Dinner']","['grams', 'g']",100.0,140.0,7.0,20.0,5.0,moderate
Aloo Gobi - Mild,homemade,"['Lunch', 'Dinner']","['grams', 'g']",100.0,140.0,7.0,20.0,5.0,moderate
Aloo Gobi - Medium,homemade,"['Lunch', 'Dinner']","['grams', 'g']",100.0,140.0,7.0,20.0,5.0,moderate
Aloo Gobi - Spicy,homemade,"['Lunch', 'Dinner']","['grams', 'g']",100.0,140.0,7.0,20.0,5.0,moderate
Aloo Gobi - Tandoori,homemade,"['Lunch', 'Dinner']","['grams', 'g']",100.0,140.0,7.0,20.0,5.0,moderate
Aloo Gobi - Masala,homemade,"['Lunch', 'Dinner']","['grams', 'g']",100.0,140.0,7.0,20.0,5.0,moderate
Aloo Gobi - Butter,homemade,"['Lunch', 'Dinner']","['grams', 'g']",100.0,140.0,7.0,20.0,5.0,moderate
Aloo Gobi - Creamy,homemade,"['Lunch', 'Dinner']","['grams', 'g']",100.0,140.0,7.0,20.0,5.0,moderate
Aloo Gobi - Gravy,homemade,"['Lunch', 'Dinner']","['grams', 'g']",100.0,140.0,7.0,20.0,5.0,moderate
Aloo Gobi - Kadhai,homemade,"['Lunch', 'Dinner']","['grams', 'g']",100.0,140.0,7.0,20.0,5.0,moderate
Aloo Gobi - Village Style,homemade,"['Lunch', 'Dinner']","['grams', 'g']",100.0,140.0,7.0,20.0,5.0,moderate
Aloo Gobi - Dhaba Style,homemade,"['Lunch', 'Dinner']","['grams', 'g']",100.0,140.0,7.0,20.0,5.0,moderate
Bhindi Masala - Mild,homemade,"['Lunch', 'Dinner']","['grams', 'g']",100.0,140.0,7.0,20.0,5.0,moderate
Bhindi Masala - Medium,homemade,"['Lunch', 'Dinner']","['grams', 'g']",100.0,140.0,7.0,20.0,5.0,moderate
Bhindi Masala - Spicy,homemade,"['Lunch', 'Dinner']","['grams', 'g']",100.0,140.0,7.0,20.0,5.0,moderate
Bhindi Masala - Tandoori,homemade,"['Lunch', 'Dinner']","['grams', 'g']",100.0,140.0,7.0,20.0,5.0,moderate
Bhindi Masala - Masala,homemade,"['Lunch', 'Dinner']","['grams', 'g']",100.0,140.0,7.0,20.0,5.0,moderate
Bhindi Masala - Butter,homemade,"['Lunch', 'Dinner']","['grams', 'g']",100.0,140.0,7.0,20.0,5.0,moderate
Bhindi Masala - Creamy,homemade,"['Lunch', 'Dinner']","['grams', 'g']",100.0,140.0,7.0,20.0,5.0,moderate
Bhindi Masala - Gravy,homemade,"['Lunch', 'Dinner']","['grams', 'g']",100.0,140.0,7.0,20.0,5.0,moderate
Bhindi Masala - Kadhai,homemade,"['Lunch', 'Dinner']","['grams', 'g']",100.0,140.0,7.0,20.0,5.0,moderate
Bhindi Masala - Village Style,homemade,"['Lunch', 'Dinner']","['grams', 'g']",100.0,140.0,7.0,20.0,5.0,moderate
Bhindi Masala - Dhaba Style,homemade,"['Lunch', 'Dinner']","['grams', 'g']",100.0,140.0,7.0,20.0,5.0,moderate
Baingan Bharta - Mild,homemade,"['Lunch', 'Dinner']","['grams', 'g']",100.0,140.0,7.0,20.0,5.0,moderate
Baingan Bharta - Medium,homemade,"['Lunch', 'Dinner']","['grams', 'g']",100.0,140.0,7.0,20.0,5.0,moderate
Baingan Bharta - Spicy,homemade,"['Lunch', 'Dinner']","['grams', 'g']",100.0,140.0,7.0,20.0,5.0,moderate
Baingan Bharta - Tandoori,homemade,"['Lunch', 'Dinner']","['grams', 'g']",100.0,140.0,7.0,20.0,5.0,moderate
Baingan Bharta - Masala,homemade,"['Lunch', 'Dinner']","['grams', 'g']",100.0,140.0,7.0,20.0,5.0,moderate
Baingan Bharta - Butter,homemade,"['Lunch', 'Dinner']","['grams', 'g']",100.0,140.0,7.0,20.0,5.0,moderate
Baingan Bharta - Creamy,homemade,"['Lunch', 'Dinner']","['grams', 'g']",100.0,140.0,7.0,20.0,5.0,moderate
Baingan Bharta - Gravy,homemade,"['Lunch', 'Dinner']","['grams', 'g']",100.0,140.0,7.0,20.0,5.0,moderate
Baingan Bharta - Kadhai,homemade,"['Lunch', 'Dinner']","['grams', 'g']",100.0,140.0,7.0,20.0,5.0,moderate
Baingan Bharta - Village Style,homemade,"['Lunch', 'Dinner']","['grams', 'g']",100.0,140.0,7.0,20.0,5.0,moderate
Baingan Bharta - Dhaba Style,homemade,"['Lunch', 'Dinner']","['grams', 'g']",100.0,140.0,7.0,20.0,5.0,moderate
Mixed Veg Curry - Mild,homemade,"['Lunch', 'Dinner']","['grams', 'g']",100.0,140.0,7.0,20.0,5.0,moderate
Mixed Veg Curry - Medium,homemade,"['Lunch', 'Dinner']","['grams', 'g']",100.0,140.0,7.0,20.0,5.0,moderate
Mixed Veg Curry - Spicy,homemade,"['Lunch', 'Dinner']","['grams', 'g']",100.0,140.0,7.0,20.0,5.0,moderate
Mixed Veg Curry - Tandoori,homemade,"['Lunch', 'Dinner']","['grams', 'g']",100.0,140.0,7.0,20.0,5.0,moderate
Mixed Veg Curry - Masala,homemade,"['Lunch', 'Dinner']","['grams', 'g']",100.0,140.0,7.0,20.0,5.0,moderate
Mixed Veg Curry - Butter,homemade,"['Lunch', 'Dinner']","['grams', 'g']",100.0,140.0,7.0,20.0,5.0,moderate
Mixed Veg Curry - Creamy,homemade,"['Lunch', 'Dinner']","['grams', 'g']",100.0,140.0,7.0,20.0,5.0,moderate
Mixed Veg Curry - Gravy,homemade,"['Lunch', 'Dinner']","['grams', 'g']",100.0,140.0,7.0,20.0,5.0,moderate
Mixed Veg Curry - Kadhai,homemade,"['Lunch', 'Dinner']","['grams', 'g']",100.0,140.0,7.0,20.0,5.0,moderate
Mixed Veg Curry - Village Style,homemade,"['Lunch', 'Dinner']","['grams', 'g']",100.0,140.0,7.0,20.0,5.0,moderate
Mixed Veg Curry - Dhaba Style,homemade,"['Lunch', 'Dinner']","['grams', 'g']",100.0,140.0,7.0,20.0,5.0,moderate
Paneer Butter Masala - Mild,homemade,"['Lunch', 'Dinner']","['grams', 'g']",100.0,140.0,7.0,20.0,5.0,moderate
Paneer Butter Masala - Medium,homemade,"['Lunch', 'Dinner']","['grams', 'g']",100.0,140.0,7.0,20.0,5.0,moderate
Paneer Butter Masala - Spicy,homemade,"['Lunch', 'Dinner']","['grams', 'g']",100.0,140.0,7.0,20.0,5.0,moderate
Paneer Butter Masala - Tandoori,homemade,"['Lunch', 'Dinner']","['grams', 'g']",100.0,140.0,7.0,20.0,5.0,moderate
Paneer Butter Masala - Masala,homemade,"['Lunch', 'Dinner']","['grams', 'g']",100.0,140.0,7.0,20.0,5.0,moderate
Paneer Butter Masala - Butter,homemade,"['Lunch', 'Dinner']","['grams', 'g']",100.0,140.0,7.0,20.0,5.0,moderate
Paneer Butter Masala - Creamy,homemade,"['Lunch', 'Dinner']","['grams', 'g']",100.0,140.0,7.0,20.0,5.0,moderate
Paneer Butter Masala - Gravy,homemade,"['Lunch', 'Dinner']","['grams', 'g']",100.0,140.0,7.0,20.0,5.0,moderate
Paneer Butter Masala - Kadhai,homemade,"['Lunch', 'Dinner']","['grams', 'g']",100.0,140.0,7.0,20.0,5.0,moderate
Paneer Butter Masala - Village Style,homemade,"['Lunch', 'Dinner']","['grams', 'g']",100.0,140.0,7.0,20.0,5.0,moderate
Paneer Butter Masala - Dhaba Style,homemade,"['Lunch', 'Dinner']","['grams', 'g']",100.0,140.0,7.0,20.0,5.0,moderate
Palak Paneer - Mild,homemade,"['Lunch', 'Dinner']","['grams', 'g']",100.0,140.0,7.0,20.0,5.0,moderate
Palak Paneer - Medium,homemade,"['Lunch', 'Dinner']","['grams', 'g']",100.0,140.0,7.0,20.0,5.0,moderate
Palak Paneer - Spicy,homemade,"['Lunch', 'Dinner']","['grams', 'g']",100.0,140.0,7.0,20.0,5.0,moderate
Palak Paneer - Tandoori,homemade,"['Lunch', 'Dinner']","['grams', 'g']",100.0,140.0,7.0,20.0,5.0,moderate
Palak Paneer - Masala,homemade,"['Lunch', 'Dinner']","['grams', 'g']",100.0,140.0,7.0,20.0,5.0,moderate
Palak Paneer - Butter,homemade,"['Lunch', 'Dinner']","['grams', 'g']",100.0,140.0,7.0,20.0,5.0,moderate
Palak Paneer - Creamy,homemade,"['Lunch', 'Dinner']","['grams', 'g']",100.0,140.0,7.0,20.0,5.0,moderate
Palak Paneer - Gravy,homemade,"['Lunch', 'Dinner']","['grams', 'g']",100.0,140.0,7.0,20.0,5.0,moderate
Palak Paneer - Kadhai,homemade,"['Lunch', 'Dinner']","['grams', 'g']",100.0,140.0,7.0,20.0,5.0,moderate
Palak Paneer - Village Style,homemade,"['Lunch', 'Dinner']","['grams', 'g']",100.0,140.0,7.0,20.0,5.0,moderate
Palak Paneer - Dhaba Style,homemade,"['Lunch', 'Dinner']","['grams', 'g']",100.0,140.0,7.0,20.0,5.0,moderate
Paneer Tikka - Mild,homemade,"['Lunch', 'Dinner']","['grams', 'g']",100.0,140.0,7.0,20.0,5.0,moderate
Paneer Tikka - Medium,homemade,"['Lunch', 'Dinner']","['grams', 'g']",100.0,140.0,7.0,20.0,5.0,moderate
Paneer Tikka - Spicy,homemade,"['Lunch', 'Dinner']","['grams', 'g']",100.0,140.0,7.0,20.0,5.0,moderate
Paneer Tikka - Tandoori,homemade,"['Lunch', 'Dinner']","['grams', 'g']",100.0,140.0,7.0,20.0,5.0,moderate
Paneer Tikka - Masala,homemade,"['Lunch', 'Dinner']","['grams', 'g']",100.0,140.0,7.0,20.0,5.0,moderate
Paneer Tikka - Butter,homemade,"['Lunch', 'Dinner']","['grams', 'g']",100.0,140.0,7.0,20.0,5.0,moderate
Paneer Tikka - Creamy,homemade,"['Lunch', 'Dinner']","['grams', 'g']",100.0,140.0,7.0,20.0,5.0,moderate
Paneer Tikka - Gravy,homemade,"['Lunch', 'Dinner']","['grams', 'g']",100.0,140.0,7.0,20.0,5.0,moderate
Paneer Tikka - Kadhai,homemade,"['Lunch', 'Dinner']","['grams', 'g']",100.0,140.0,7.0,20.0,5.0,moderate
Paneer Tikka - Village Style,homemade,"['Lunch', 'Dinner']","['grams', 'g']",100.0,140.0,7.0,20.0,5.0,moderate
Paneer Tikka - Dhaba Style,homemade,"['Lunch', 'Dinner']","['grams', 'g']",100.0,140.0,7.0,20.0,5.0,moderate
Kadai Paneer - Mild,homemade,"['Lunch', 'Dinner']","['grams', 'g']",100.0,140.0,7.0,20.0,5.0,moderate
Kadai Paneer - Medium,homemade,"['Lunch', 'Dinner']","['grams', 'g']",100.0,140.0,7.0,20.0,5.0,moderate
Kadai Paneer - Spicy,homemade,"['Lunch', 'Dinner']","['grams', 'g']",100.0,140.0,7.0,20.0,5.0,moderate
Kadai Paneer - Tandoori,homemade,"['Lunch', 'Dinner']","['grams', 'g']",100.0,140.0,7.0,20.0,5.0,moderate
Kadai Paneer - Masala,homemade,"['Lunch', 'Dinner']","['grams', 'g']",100.0,140.0,7.0,20.0,5.0,moderate
Kadai Paneer - Butter,homemade,"['Lunch', 'Dinner']","['grams', 'g']",100.0,140.0,7.0,20.0,5.0,moderate
Kadai Paneer - Creamy,homemade,"['Lunch', 'Dinner']","['grams', 'g']",100.0,140.0,7.0,20.0,5.0,moderate
Kadai Paneer - Gravy,homemade,"['Lunch', 'Dinner']","['grams', 'g']",100.0,140.0,7.0,20.0,5.0,moderate
Kadai Paneer - Kadhai,homemade,"['Lunch', 'Dinner']","['grams', 'g']",100.0,140.0,7.0,20.0,5.0,moderate
Kadai Paneer - Village Style,homemade,"['Lunch', 'Dinner']","['grams', 'g']",100.0,140.0,7.0,20.0,5.0,moderate
Kadai Paneer - Dhaba Style,homemade,"['Lunch', 'Dinner']","['grams', 'g']",100.0,140.0,7.0,20.0,5.0,moderate
Soya Chunks Masala - Mild,homemade,"['Lunch', 'Dinner']","['grams', 'g']",100.0,140.0,7.0,20.0,5.0,moderate
Soya Chunks Masala - Medium,homemade,"['Lunch', 'Dinner']","['grams', 'g']",100.0,140.0,7.0,20.0,5.0,moderate
Soya Chunks Masala - Spicy,homemade,"['Lunch', 'Dinner']","['grams', 'g']",100.0,140.0,7.0,20.0,5.0,moderate
Soya Chunks Masala - Tandoori,homemade,"['Lunch', 'Dinner']","['grams', 'g']",100.0,140.0,7.0,20.0,5.0,moderate
Soya Chunks Masala - Masala,homemade,"['Lunch', 'Dinner']","['grams', 'g']",100.0,140.0,7.0,20.0,5.0,moderate
Soya Chunks Masala - Butter,homemade,"['Lunch', 'Dinner']","['grams', 'g']",100.0,140.0,7.0,20.0,5.0,moderate
Soya Chunks Masala - Creamy,homemade,"['Lunch', 'Dinner']","['grams', 'g']",100.0,140.0,7.0,20.0,5.0,moderate
Soya Chunks Masala - Gravy,homemade,"['Lunch', 'Dinner']","['grams', 'g']",100.0,140.0,7.0,20.0,5.0,moderate
Soya Chunks Masala - Kadhai,homemade,"['Lunch', 'Dinner']","['grams', 'g']",100.0,140.0,7.0,20.0,5.0,moderate
Soya Chunks Masala - Village Style,homemade,"['Lunch', 'Dinner']","['grams', 'g']",100.0,140.0,7.0,20.0,5.0,moderate
Soya Chunks Masala - Dhaba Style,homemade,"['Lunch', 'Dinner']","['grams', 'g']",100.0,140.0,7.0,20.0,5.0,moderate
Tofu Curry - Mild,homemade,"['Lunch', 'Dinner']","['grams', 'g']",100.0,140.0,7.0,20.0,5.0,moderate
Tofu Curry - Medium,homemade,"['Lunch', 'Dinner']","['grams', 'g']",100.0,140.0,7.0,20.0,5.0,moderate
Tofu Curry - Spicy,homemade,"['Lunch', 'Dinner']","['grams', 'g']",100.0,140.0,7.0,20.0,5.0,moderate
Tofu Curry - Tandoori,homemade,"['Lunch', 'Dinner']","['grams', 'g']",100.0,140.0,7.0,20.0,5.0,moderate
Tofu Curry - Masala,homemade,"['Lunch', 'Dinner']","['grams', 'g']",100.0,140.0,7.0,20.0,5.0,moderate
Tofu Curry - Butter,homemade,"['Lunch', 'Dinner']","['grams', 'g']",100.0,140.0,7.0,20.0,5.0,moderate
Tofu Curry - Creamy,homemade,"['Lunch', 'Dinner']","['grams', 'g']",100.0,140.0,7.0,20.0,5.0,moderate
Tofu Curry - Gravy,homemade,"['Lunch', 'Dinner']","['grams', 'g']",100.0,140.0,7.0,20.0,5.0,moderate
Tofu Curry - Kadhai,homemade,"['Lunch', 'Dinner']","['grams', 'g']",100.0,140.0,7.0,20.0,5.0,moderate
Tofu Curry - Village Style,homemade,"['Lunch', 'Dinner']","['grams', 'g']",100.0,140.0,7.0,20.0,5.0,moderate
Tofu Curry - Dhaba Style,homemade,"['Lunch', 'Dinner']","['grams', 'g']",100.0,140.0,7.0,20.0,5.0,moderate
Veg Curry - Mild,homemade,"['Lunch', 'Dinner']","['grams', 'g']",100.0,140.0,7.0,20.0,5.0,moderate
Veg Curry - Medium,homemade,"['Lunch', 'Dinner']","['grams', 'g']",100.0,140.0,7.0,20.0,5.0,moderate
Veg Curry - Spicy,homemade,"['Lunch', 'Dinner']","['grams', 'g']",100.0,140.0,7.0,20.0,5.0,moderate
Veg Curry - Tandoori,homemade,"['Lunch', 'Dinner']","['grams', 'g']",100.0,140.0,7.0,20.0,5.0,moderate
Veg Curry - Masala,homemade,"['Lunch', 'Dinner']","['grams', 'g']",100.0,140.0,7.0,20.0,5.0,moderate
Veg Curry - Butter,homemade,"['Lunch', 'Dinner']","['grams', 'g']",100.0,140.0,7.0,20.0,5.0,moderate
Veg Curry - Creamy,homemade,"['Lunch', 'Dinner']","['grams', 'g']",100.0,140.0,7.0,20.0,5.0,moderate
Veg Curry - Gravy,homemade,"['Lunch', 'Dinner']","['grams', 'g']",100.0,140.0,7.0,20.0,5.0,moderate
Veg Curry - Kadhai,homemade,"['Lunch', 'Dinner']","['grams', 'g']",100.0,140.0,7.0,20.0,5.0,moderate
Veg Curry - Village Style,homemade,"['Lunch', 'Dinner']","['grams', 'g']",100.0,140.0,7.0,20.0,5.0,moderate
Veg Curry - Dhaba Style,homemade,"['Lunch', 'Dinner']","['grams', 'g']",100.0,140.0,7.0,20.0,5.0,moderate
Chicken Curry - Mild,homemade,"['Lunch', 'Dinner']","['grams', 'g']",100.0,140.0,7.0,20.0,5.0,moderate
Chicken Curry - Medium,homemade,"['Lunch', 'Dinner']","['grams', 'g']",100.0,140.0,7.0,20.0,5.0,moderate
Chicken Curry - Spicy,homemade,"['Lunch', 'Dinner']","['grams', 'g']",100.0,140.0,7.0,20.0,5.0,moderate
Chicken Curry - Tandoori,homemade,"['Lunch', 'Dinner']","['grams', 'g']",100.0,140.0,7.0,20.0,5.0,moderate
Chicken Curry - Masala,homemade,"['Lunch', 'Dinner']","['grams', 'g']",100.0,140.0,7.0,20.0,5.0,moderate
Chicken Curry - Butter,homemade,"['Lunch', 'Dinner']","['grams', 'g']",100.0,140.0,7.0,20.0,5.0,moderate
Chicken Curry - Creamy,homemade,"['Lunch', 'Dinner']","['grams', 'g']",100.0,140.0,7.0,20.0,5.0,moderate
Chicken Curry - Gravy,homemade,"['Lunch', 'Dinner']","['grams', 'g']",100.0,140.0,7.0,20.0,5.0,moderate
Chicken Curry - Kadhai,homemade,"['Lunch', 'Dinner']","['grams', 'g']",100.0,140.0,7.0,20.0,5.0,moderate
Chicken Curry - Village Style,homemade,"['Lunch', 'Dinner']","['grams', 'g']",100.0,140.0,7.0,20.0,5.0,moderate
Chicken Curry - Dhaba Style,homemade,"['Lunch', 'Dinner']","['grams', 'g']",100.0,140.0,7.0,20.0,5.0,moderate
Chicken Tikka - Mild,homemade,"['Lunch', 'Dinner']","['grams', 'g']",100.0,140.0,7.0,20.0,5.0,moderate
Chicken Tikka - Medium,homemade,"['Lunch', 'Dinner']","['grams', 'g']",100.0,140.0,7.0,20.0,5.0,moderate
Chicken Tikka - Spicy,homemade,"['Lunch', 'Dinner']","['grams', 'g']",100.0,140.0,7.0,20.0,5.0,moderate
Chicken Tikka - Tandoori,homemade,"['Lunch', 'Dinner']","['grams', 'g']",100.0,140.0,7.0,20.0,5.0,moderate
Chicken Tikka - Masala,homemade,"['Lunch', 'Dinner']","['grams', 'g']",100.0,140.0,7.0,20.0,5.0,moderate
Chicken Tikka - Butter,homemade,"['Lunch', 'Dinner']","['grams', 'g']",100.0,140.0,7.0,20.0,5.0,moderate
Chicken Tikka - Creamy,homemade,"['Lunch', 'Dinner']","['grams', 'g']",100.0,140.0,7.0,20.0,5.0,moderate
Chicken Tikka - Gravy,homemade,"['Lunch', 'Dinner']","['grams', 'g']",100.0,140.0,7.0,20.0,5.0,moderate
Chicken Tikka - Kadhai,homemade,"['Lunch', 'Dinner']","['grams', 'g']",100.0,140.0,7.0,20.0,5.0,moderate
Chicken Tikka - Village Style,homemade,"['Lunch', 'Dinner']","['grams', 'g']",100.0,140.0,7.0,20.0,5.0,moderate
Chicken Tikka - Dhaba Style,homemade,"['Lunch', 'Dinner']","['grams', 'g']",100.0,140.0,7.0,20.0,5.0,moderate
Egg Curry - Mild,homemade,"['Lunch', 'Dinner']","['grams', 'g']",100.0,140.0,7.0,20.0,5.0,moderate
Egg Curry - Medium,homemade,"['Lunch', 'Dinner']","['grams', 'g']",100.0,140.0,7.0,20.0,5.0,moderate
Egg Curry - Spicy,homemade,"['Lunch', 'Dinner']","['grams', 'g']",100.0,140.0,7.0,20.0,5.0,moderate
Egg Curry - Tandoori,homemade,"['Lunch', 'Dinner']","['grams', 'g']",100.0,140.0,7.0,20.0,5.0,moderate
Egg Curry - Masala,homemade,"['Lunch', 'Dinner']","['grams', 'g']",100.0,140.0,7.0,20.0,5.0,moderate
Egg Curry - Butter,homemade,"['Lunch', 'Dinner']","['grams', 'g']",100.0,140.0,7.0,20.0,5.0,moderate
Egg Curry - Creamy,homemade,"['Lunch', 'Dinner']","['grams', 'g']",100.0,140.0,7.0,20.0,5.0,moderate
Egg Curry - Gravy,homemade,"['Lunch', 'Dinner']","['grams', 'g']",100.0,140.0,7.0,20.0,5.0,moderate
Egg Curry - Kadhai,homemade,"['Lunch', 'Dinner']","['grams', 'g']",100.0,140.0,7.0,20.0,5.0,moderate
Egg Curry - Village Style,homemade,"['Lunch', 'Dinner']","['grams', 'g']",100.0,140.0,7.0,20.0,5.0,moderate
Egg Curry - Dhaba Style,homemade,"['Lunch', 'Dinner']","['grams', 'g']",100.0,140.0,7.0,20.0,5.0,moderate
Roti - Plain,grain,"['Breakfast', 'Lunch', 'Dinner']","['piece', 'g', 'grams']",1.0,280.0,10.0,45.0,6.0,moderate
Roti - Butter,grain,"['Breakfast', 'Lunch', 'Dinner']","['piece', 'g', 'grams']",1.0,280.0,10.0,45.0,6.0,moderate
Roti - Masala,grain,"['Breakfast', 'Lunch', 'Dinner']","['piece', 'g', 'grams']",1.0,280.0,10.0,45.0,6.0,moderate
Roti - Ajwain,grain,"['Breakfast', 'Lunch', 'Dinner']","['piece', 'g', 'grams']",1.0,280.0,10.0,45.0,6.0,moderate
Roti - Stuffed (Veg),grain,"['Breakfast', 'Lunch', 'Dinner']","['piece', 'g', 'grams']",1.0,280.0,10.0,45.0,6.0,moderate
Chapati - Plain,grain,"['Breakfast', 'Lunch', 'Dinner']","['piece', 'g', 'grams']",1.0,280.0,10.0,45.0,6.0,moderate
Chapati - Butter,grain,"['Breakfast', 'Lunch', 'Dinner']","['piece', 'g', 'grams']",1.0,280.0,10.0,45.0,6.0,moderate
Chapati - Masala,grain,"['Breakfast', 'Lunch', 'Dinner']","['piece', 'g', 'grams']",1.0,280.0,10.0,45.0,6.0,moderate
Chapati - Ajwain,grain,"['Breakfast', 'Lunch', 'Dinner']","['piece', 'g', 'grams']",1.0,280.0,10.0,45.0,6.0,moderate
Chapati - Stuffed (Veg),grain,"['Breakfast', 'Lunch', 'Dinner']","['piece', 'g', 'grams']",1.0,280.0,10.0,45.0,6.0,moderate
Bhel Puri - Cheese,street-food,"['Snack', 'Lunch', 'Dinner']","['grams', 'g']",100.0,160.0,5.0,26.0,6.0,moderate
Bhel Puri - Butter,street-food,"['Snack', 'Lunch', 'Dinner']","['grams', 'g']",100.0,160.0,5.0,26.0,6.0,moderate
Bhel Puri - Spicy,street-food,"['Snack', 'Lunch', 'Dinner']","['grams', 'g']",100.0,160.0,5.0,26.0,6.0,moderate
Bhel Puri - Chutney,street-food,"['Snack', 'Lunch', 'Dinner']","['grams', 'g']",100.0,160.0,5.0,26.0,6.0,moderate
Bhel Puri - Tandoori,street-food,"['Snack', 'Lunch', 'Dinner']","['grams', 'g']",100.0,160.0,5.0,26.0,6.0,moderate
Bhel Puri - Masala,street-food,"['Snack', 'Lunch', 'Dinner']","['grams', 'g']",100.0,160.0,5.0,26.0,6.0,moderate
Bhel Puri - Peri-Peri,street-food,"['Snack', 'Lunch', 'Dinner']","['grams', 'g']",100.0,160.0,5.0,26.0,6.0,moderate
Bhel Puri - Green Chutney,street-food,"['Snack', 'Lunch', 'Dinner']","['grams', 'g']",100.0,160.0,5.0,26.0,6.0,moderate
Sev Puri - Cheese,street-food,"['Snack', 'Lunch', 'Dinner']","['grams', 'g']",100.0,160.0,5.0,26.0,6.0,moderate
Sev Puri - Butter,street-food,"['Snack', 'Lunch', 'Dinner']","['grams', 'g']",100.0,160.0,5.0,26.0,6.0,moderate
Sev Puri - Spicy,street-food,"['Snack', 'Lunch', 'Dinner']","['grams', 'g']",100.0,160.0,5.0,26.0,6.0,moderate
Sev Puri - Chutney,street-food,"['Snack', 'Lunch', 'Dinner']","['grams', 'g']",100.0,160.0,5.0,26.0,6.0,moderate
Sev Puri - Tandoori,street-food,"['Snack', 'Lunch', 'Dinner']","['grams', 'g']",100.0,160.0,5.0,26.0,6.0,moderate
Sev Puri - Masala,street-food,"['Snack', 'Lunch', 'Dinner']","['grams', 'g']",100.0,160.0,5.0,26.0,6.0,moderate
Sev Puri - Peri-Peri,street-food,"['Snack', 'Lunch', 'Dinner']","['grams', 'g']",100.0,160.0,5.0,26.0,6.0,moderate
Sev Puri - Green Chutney,street-food,"['Snack', 'Lunch', 'Dinner']","['grams', 'g']",100.0,160.0,5.0,26.0,6.0,moderate
Dahi Puri - Cheese,street-food,"['Snack', 'Lunch', 'Dinner']","['grams', 'g']",100.0,160.0,5.0,26.0,6.0,moderate
Dahi Puri - Butter,street-food,"['Snack', 'Lunch', 'Dinner']","['grams', 'g']",100.0,160.0,5.0,26.0,6.0,moderate
Dahi Puri - Spicy,street-food,"['Snack', 'Lunch', 'Dinner']","['grams', 'g']",100.0,160.0,5.0,26.0,6.0,moderate
Dahi Puri - Chutney,street-food,"['Snack', 'Lunch', 'Dinner']","['grams', 'g']",100.0,160.0,5.0,26.0,6.0,moderate
Dahi Puri - Tandoori,street-food,"['Snack', 'Lunch', 'Dinner']","['grams', 'g']",100.0,160.0,5.0,26.0,6.0,moderate
Dahi Puri - Masala,street-food,"['Snack', 'Lunch', 'Dinner']","['grams', 'g']",100.0,160.0,5.0,26.0,6.0,moderate
Dahi Puri - Peri-Peri,street-food,"['Snack', 'Lunch', 'Dinner']","['grams', 'g']",100.0,160.0,5.0,26.0,6.0,moderate
Dahi Puri - Green Chutney,street-food,"['Snack', 'Lunch', 'Dinner']","['grams', 'g']",100.0,160.0,5.0,26.0,6.0,moderate
Samosa - Cheese,street-food,"['Snack', 'Lunch', 'Dinner']","['grams', 'g']",100.0,160.0,5.0,26.0,6.0,moderate
Samosa - Butter,street-food,"['Snack', 'Lunch', 'Dinner']","['grams', 'g']",100.0,160.0,5.0,26.0,6.0,moderate
Samosa - Spicy,street-food,"['Snack', 'Lunch', 'Dinner']","['grams', 'g']",100.0,160.0,5.0,26.0,6.0,moderate
Samosa - Chutney,street-food,"['Snack', 'Lunch', 'Dinner']","['grams', 'g']",100.0,160.0,5.0,26.0,6.0,moderate
Samosa - Tandoori,street-food,"['Snack', 'Lunch', 'Dinner']","['grams', 'g']",100.0,160.0,5.0,26.0,6.0,moderate
Samosa - Masala,street-food,"['Snack', 'Lunch', 'Dinner']","['grams', 'g']",100.0,160.0,5.0,26.0,6.0,moderate
Samosa - Peri-Peri,street-food,"['Snack', 'Lunch', 'Dinner']","['grams', 'g']",100.0,160.0,5.0,26.0,6.0,moderate
Samosa - Green Chutney,street-food,"['Snack', 'Lunch', 'Dinner']","['grams', 'g']",100.0,160.0,5.0,26.0,6.0,moderate
Pakora - Cheese,street-food,"['Snack', 'Lunch', 'Dinner']","['grams', 'g']",100.0,160.0,5.0,26.0,6.0,moderate
Pakora - Butter,street-food,"['Snack', 'Lunch', 'Dinner']","['grams', 'g']",100.0,160.0,5.0,26.0,6.0,moderate
Pakora - Spicy,street-food,"['Snack', 'Lunch', 'Dinner']","['grams', 'g']",100.0,160.0,5.0,26.0,6.0,moderate
Pakora - Chutney,street-food,"['Snack', 'Lunch', 'Dinner']","['grams', 'g']",100.0,160.0,5.0,26.0,6.0,moderate
Pakora - Tandoori,street-food,"['Snack', 'Lunch', 'Dinner']","['grams', 'g']",100.0,160.0,5.0,26.0,6.0,moderate
Pakora - Masala,street-food,"['Snack', 'Lunch', 'Dinner']","['grams', 'g']",100.0,160.0,5.0,26.0,6.0,moderate
Pakora - Peri-Peri,street-food,"['Snack', 'Lunch', 'Dinner']","['grams', 'g']",100.0,160.0,5.0,26.0,6.0,moderate
Pakora - Green Chutney,street-food,"['Snack', 'Lunch', 'Dinner']","['grams', 'g']",100.0,160.0,5.0,26.0,6.0,moderate
Pav Bhaji - Cheese,street-food,"['Snack', 'Lunch', 'Dinner']","['grams', 'g']",100.0,160.0,5.0,26.0,6.0,moderate
Pav Bhaji - Butter,street-food,"['Snack', 'Lunch', 'Dinner']","['grams', 'g']",100.0,160.0,5.0,26.0,6.0,moderate
Pav Bhaji - Spicy,street-food,"['Snack', 'Lunch', 'Dinner']","['grams', 'g']",100.0,160.0,5.0,26.0,6.0,moderate
Pav Bhaji - Chutney,street-food,"['Snack', 'Lunch', 'Dinner']","['grams', 'g']",100.0,160.0,5.0,26.0,6.0,moderate
Pav Bhaji - Tandoori,street-food,"['Snack', 'Lunch', 'Dinner']","['grams', 'g']",100.0,160.0,5.0,26.0,6.0,moderate
Pav Bhaji - Masala,street-food,"['Snack', 'Lunch', 'Dinner']","['grams', 'g']",100.0,160.0,5.0,26.0,6.0,moderate
Pav Bhaji - Peri-Peri,street-food,"['Snack', 'Lunch', 'Dinner']","['grams', 'g']",100.0,160.0,5.0,26.0,6.0,moderate
Pav Bhaji - Green Chutney,street-food,"['Snack', 'Lunch', 'Dinner']","['grams', 'g']",100.0,160.0,5.0,26.0,6.0,moderate
Vada Pav - Cheese,street-food,"['Snack', 'Lunch', 'Dinner']","['grams', 'g']",100.0,160.0,5.0,26.0,6.0,moderate
Vada Pav - Butter,street-food,"['Snack', 'Lunch', 'Dinner']","['grams', 'g']",100.0,160.0,5.0,26.0,6.0,moderate
Vada Pav - Spicy,street-food,"['Snack', 'Lunch', 'Dinner']","['grams', 'g']",100.0,160.0,5.0,26.0,6.0,moderate
Vada Pav - Chutney,street-food,"['Snack', 'Lunch', 'Dinner']","['grams', 'g']",100.0,160.0,5.0,26.0,6.0,moderate
Vada Pav - Tandoori,street-food,"['Snack', 'Lunch', 'Dinner']","['grams', 'g']",100.0,160.0,5.0,26.0,6.0,moderate
Vada Pav - Masala,street-food,"['Snack', 'Lunch', 'Dinner']","['grams', 'g']",100.0,160.0,5.0,26.0,6.0,moderate
Vada Pav - Peri-Peri,street-food,"['Snack', 'Lunch', 'Dinner']","['grams', 'g']",100.0,160.0,5.0,26.0,6.0,moderate
Vada Pav - Green Chutney,street-food,"['Snack', 'Lunch', 'Dinner']","['grams', 'g']",100.0,160.0,5.0,26.0,6.0,moderate
Frankie - Cheese,street-food,"['Snack', 'Lunch', 'Dinner']","['grams', 'g']",100.0,160.0,5.0,26.0,6.0,moderate
Frankie - Butter,street-food,"['Snack', 'Lunch', 'Dinner']","['grams', 'g']",100.0,160.0,5.0,26.0,6.0,moderate
Frankie - Spicy,street-food,"['Snack', 'Lunch', 'Dinner']","['grams', 'g']",100.0,160.0,5.0,26.0,6.0,moderate
Frankie - Chutney,street-food,"['Snack', 'Lunch', 'Dinner']","['grams', 'g']",100.0,160.0,5.0,26.0,6.0,moderate
Frankie - Tandoori,street-food,"['Snack', 'Lunch', 'Dinner']","['grams', 'g']",100.0,160.0,5.0,26.0,6.0,moderate
Frankie - Masala,street-food,"['Snack', 'Lunch', 'Dinner']","['grams', 'g']",100.0,160.0,5.0,26.0,6.0,moderate
Frankie - Peri-Peri,street-food,"['Snack', 'Lunch', 'Dinner']","['grams', 'g']",100.0,160.0,5.0,26.0,6.0,moderate
Frankie - Green Chutney,street-food,"['Snack', 'Lunch', 'Dinner']","['grams', 'g']",100.0,160.0,5.0,26.0,6.0,moderate
Rolls - Cheese,street-food,"['Snack', 'Lunch', 'Dinner']","['grams', 'g']",100.0,160.0,5.0,26.0,6.0,moderate
Rolls - Butter,street-food,"['Snack', 'Lunch', 'Dinner']","['grams', 'g']",100.0,160.0,5.0,26.0,6.0,moderate
Rolls - Spicy,street-food,"['Snack', 'Lunch', 'Dinner']","['grams', 'g']",100.0,160.0,5.0,26.0,6.0,moderate
Rolls - Chutney,street-food,"['Snack', 'Lunch', 'Dinner']","['grams', 'g']",100.0,160.0,5.0,26.0,6.0,moderate
Rolls - Tandoori,street-food,"['Snack', 'Lunch', 'Dinner']","['grams', 'g']",100.0,160.0,5.0,26.0,6.0,moderate
Rolls - Masala,street-food,"['Snack', 'Lunch', 'Dinner']","['grams', 'g']",100.0,160.0,5.0,26.0,6.0,moderate
Rolls - Peri-Peri,street-food,"['Snack', 'Lunch', 'Dinner']","['grams', 'g']",100.0,160.0,5.0,26.0,6.0,moderate
Rolls - Green Chutney,street-food,"['Snack', 'Lunch', 'Dinner']","['grams', 'g']",100.0,160.0,5.0,26.0,6.0,moderate
Momos - Cheese,street-food,"['Snack', 'Lunch', 'Dinner']","['grams', 'g']",100.0,160.0,5.0,26.0,6.0,moderate
Momos - Butter,street-food,"['Snack', 'Lunch', 'Dinner']","['grams', 'g']",100.0,160.0,5.0,26.0,6.0,moderate
Momos - Spicy,street-food,"['Snack', 'Lunch', 'Dinner']","['grams', 'g']",100.0,160.0,5.0,26.0,6.0,moderate
Momos - Chutney,street-food,"['Snack', 'Lunch', 'Dinner']","['grams', 'g']",100.0,160.0,5.0,26.0,6.0,moderate
Momos - Tandoori,street-food,"['Snack', 'Lunch', 'Dinner']","['grams', 'g']",100.0,160.0,5.0,26.0,6.0,moderate
Momos - Masala,street-food,"['Snack', 'Lunch', 'Dinner']","['grams', 'g']",100.0,160.0,5.0,26.0,6.0,moderate
Momos - Peri-Peri,street-food,"['Snack', 'Lunch', 'Dinner']","['grams', 'g']",100.0,160.0,5.0,26.0,6.0,moderate
Momos - Green Chutney,street-food,"['Snack', 'Lunch', 'Dinner']","['grams', 'g']",100.0,160.0,5.0,26.0,6.0,moderate
Biscuits - Choco,bakery,['Snack'],"['g', 'grams']",1.0,330.0,6.0,45.0,15.0,heavy
Biscuits - Chocolate,bakery,['Snack'],"['g', 'grams']",1.0,330.0,6.0,45.0,15.0,heavy
Biscuits - Vanilla,bakery,['Snack'],"['g', 'grams']",1.0,330.0,6.0,45.0,15.0,heavy
Biscuits - Butter,bakery,['Snack'],"['g', 'grams']",1.0,330.0,6.0,45.0,15.0,heavy
Biscuits - Cream,bakery,['Snack'],"['g', 'grams']",1.0,330.0,6.0,45.0,15.0,heavy
Biscuits - Fruit,bakery,['Snack'],"['g', 'grams']",1.0,330.0,6.0,45.0,15.0,heavy
Biscuits - Nut,bakery,['Snack'],"['g', 'grams']",1.0,330.0,6.0,45.0,15.0,heavy
Biscuit (Marie) - Choco,bakery,['Snack'],"['g', 'grams']",1.0,330.0,6.0,45.0,15.0,heavy
Biscuit (Marie) - Chocolate,bakery,['Snack'],"['g', 'grams']",1.0,330.0,6.0,45.0,15.0,heavy
Biscuit (Marie) - Vanilla,bakery,['Snack'],"['g', 'grams']",1.0,330.0,6.0,45.0,15.0,heavy
Biscuit (Marie) - Butter,bakery,['Snack'],"['g', 'grams']",1.0,330.0,6.0,45.0,15.0,heavy
Biscuit (Marie) - Cream,bakery,['Snack'],"['g', 'grams']",1.0,330.0,6.0,45.0,15.0,heavy
Biscuit (Marie) - Fruit,bakery,['Snack'],"['g', 'grams']",1.0,330.0,6.0,45.0,15.0,heavy
Biscuit (Marie) - Nut,bakery,['Snack'],"['g', 'grams']",1.0,330.0,6.0,45.0,15.0,heavy
Brownie - Choco,bakery,['Snack'],"['g', 'grams']",1.0,330.0,6.0,45.0,15.0,heavy
Brownie - Chocolate,bakery,['Snack'],"['g', 'grams']",1.0,330.0,6.0,45.0,15.0,heavy
Brownie - Vanilla,bakery,['Snack'],"['g', 'grams']",1.0,330.0,6.0,45.0,15.0,heavy
Brownie - Butter,bakery,['Snack'],"['g', 'grams']",1.0,330.0,6.0,45.0,15.0,heavy
Brownie - Cream,bakery,['Snack'],"['g', 'grams']",1.0,330.0,6.0,45.0,15.0,heavy
Brownie - Fruit,bakery,['Snack'],"['g', 'grams']",1.0,330.0,6.0,45.0,15.0,heavy
Brownie - Nut,bakery,['Snack'],"['g', 'grams']",1.0,330.0,6.0,45.0,15.0,heavy
Cupcake - Choco,bakery,['Snack'],"['g', 'grams']",1.0,330.0,6.0,45.0,15.0,heavy
Cupcake - Chocolate,bakery,['Snack'],"['g', 'grams']",1.0,330.0,6.0,45.0,15.0,heavy
Cupcake - Vanilla,bakery,['Snack'],"['g', 'grams']",1.0,330.0,6.0,45.0,15.0,heavy
Cupcake - Butter,bakery,['Snack'],"['g', 'grams']",1.0,330.0,6.0,45.0,15.0,heavy
Cupcake - Cream,bakery,['Snack'],"['g', 'grams']",1.0,330.0,6.0,45.0,15.0,heavy
Cupcake - Fruit,bakery,['Snack'],"['g', 'grams']",1.0,330.0,6.0,45.0,15.0,heavy
Cupcake - Nut,bakery,['Snack'],"['g', 'grams']",1.0,330.0,6.0,45.0,15.0,heavy
Muffin - Choco,bakery,['Snack'],"['g', 'grams']",1.0,330.0,6.0,45.0,15.0,heavy
Muffin - Chocolate,bakery,['Snack'],"['g', 'grams']",1.0,330.0,6.0,45.0,15.0,heavy
Muffin - Vanilla,bakery,['Snack'],"['g', 'grams']",1.0,330.0,6.0,45.0,15.0,heavy
Muffin - Butter,bakery,['Snack'],"['g', 'grams']",1.0,330.0,6.0,45.0,15.0,heavy
Muffin - Cream,bakery,['Snack'],"['g', 'grams']",1.0,330.0,6.0,45.0,15.0,heavy
Muffin - Fruit,bakery,['Snack'],"['g', 'grams']",1.0,330.0,6.0,45.0,15.0,heavy
Muffin - Nut,bakery,['Snack'],"['g', 'grams']",1.0,330.0,6.0,45.0,15.0,heavy
Donut - Choco,bakery,['Snack'],"['g', 'grams']",1.0,330.0,6.0,45.0,15.0,heavy
Donut - Chocolate,bakery,['Snack'],"['g', 'grams']",1.0,330.0,6.0,45.0,15.0,heavy
Donut - Vanilla,bakery,['Snack'],"['g', 'grams']",1.0,330.0,6.0,45.0,15.0,heavy
Donut - Butter,bakery,['Snack'],"['g', 'grams']",1.0,330.0,6.0,45.0,15.0,heavy
Donut - Cream,bakery,['Snack'],"['g', 'grams']",1.0,330.0,6.0,45.0,15.0,heavy
Donut - Fruit,bakery,['Snack'],"['g', 'grams']",1.0,330.0,6.0,45.0,15.0,heavy
Donut - Nut,bakery,['Snack'],"['g', 'grams']",1.0,330.0,6.0,45.0,15.0,heavy
Croissant - Choco,bakery,['Snack'],"['g', 'grams']",1.0,330.0,6.0,45.0,15.0,heavy
Croissant - Chocolate,bakery,['Snack'],"['g', 'grams']",1.0,330.0,6.0,45.0,15.0,heavy
Croissant - Vanilla,bakery,['Snack'],"['g', 'grams']",1.0,330.0,6.0,45.0,15.0,heavy
Croissant - Butter,bakery,['Snack'],"['g', 'grams']",1.0,330.0,6.0,45.0,15.0,heavy
Croissant - Cream,bakery,['Snack'],"['g', 'grams']",1.0,330.0,6.0,45.0,15.0,heavy
Croissant - Fruit,bakery,['Snack'],"['g', 'grams']",1.0,330.0,6.0,45.0,15.0,heavy
Croissant - Nut,bakery,['Snack'],"['g', 'grams']",1.0,330.0,6.0,45.0,15.0,heavy
Juice - Orange,drinks,"['Breakfast', 'Snack']","['cup', 'g']",1.0,45.0,0.7,10.5,0.1,light
Juice - Mango,drinks,"['Breakfast', 'Snack']","['cup', 'g']",1.0,45.0,0.7,10.5,0.1,light
Juice - Sweet Lime,drinks,"['Breakfast', 'Snack']","['cup', 'g']",1.0,45.0,0.7,10.5,0.1,light
Juice - Pomegranate,drinks,"['Breakfast', 'Snack']","['cup', 'g']",1.0,45.0,0.7,10.5,0.1,light
Juice - Amla,drinks,"['Breakfast', 'Snack']","['cup', 'g']",1.0,45.0,0.7,10.5,0.1,light
Protein Smoothie - Protein,drinks,"['Breakfast', 'Snack']","['cup', 'g']",1.0,220.0,20.0,20.0,3.0,light
Protein Smoothie - Greek,drinks,"['Breakfast', 'Snack']","['cup', 'g']",1.0,220.0,20.0,20.0,3.0,light
Protein Smoothie - Oats,drinks,"['Breakfast', 'Snack']","['cup', 'g']",1.0,220.0,20.0,20.0,3.0,light
Protein Smoothie - Banana,drinks,"['Breakfast', 'Snack']","['cup', 'g']",1.0,220.0,20.0,20.0,3.0,light
Protein Smoothie - Strawberry,drinks,"['Breakfast', 'Snack']","['cup', 'g']",1.0,220.0,20.0,20.0,3.0,light
Protein Smoothie - Nutty,drinks,"['Breakfast', 'Snack']","['cup', 'g']",1.0,220.0,20.0,20.0,3.0,light
Protein Smoothie - Mocha,drinks,"['Breakfast', 'Snack']","['cup', 'g']",1.0,220.0,20.0,20.0,3.0,light
Fruit Smoothie - Mango,drinks,"['Breakfast', 'Snack']","['cup', 'g']",1.0,120.0,2.0,28.0,1.0,light
Fruit Smoothie - Banana,drinks,"['Breakfast', 'Snack']","['cup', 'g']",1.0,120.0,2.0,28.0,1.0,light
Fruit Smoothie - Berry Mix,drinks,"['Breakfast', 'Snack']","['cup', 'g']",1.0,120.0,2.0,28.0,1.0,light
Fruit Smoothie - Papaya,drinks,"['Breakfast', 'Snack']","['cup', 'g']",1.0,120.0,2.0,28.0,1.0,light
Maggi - Classic Masala,snack,"['Lunch', 'Dinner', 'Snack']","['grams', 'g']",100.0,380.0,10.0,65.0,12.0,heavy
Maggi - Cheese,snack,"['Lunch', 'Dinner', 'Snack']","['grams', 'g']",100.0,380.0,10.0,65.0,12.0,heavy
Maggi - Veg,snack,"['Lunch', 'Dinner', 'Snack']","['grams', 'g']",100.0,380.0,10.0,65.0,12.0,heavy
Maggi - Peri-Peri,snack,"['Lunch', 'Dinner', 'Snack']","['grams', 'g']",100.0,380.0,10.0,65.0,12.0,heavy
Maggi - Chilli,snack,"['Lunch', 'Dinner', 'Snack']","['grams', 'g']",100.0,380.0,10.0,65.0,12.0,heavy
Maggi - Masala 2x,snack,"['Lunch', 'Dinner', 'Snack']","['grams', 'g']",100.0,380.0,10.0,65.0,12.0,heavy
Instant Noodles - Veg,quick-meal,"['Lunch', 'Dinner', 'Snack']","['grams', 'g']",100.0,380.0,10.0,65.0,12.0,heavy
Instant Noodles - Spicy,quick-meal,"['Lunch', 'Dinner', 'Snack']","['grams', 'g']",100.0,380.0,10.0,65.0,12.0,heavy
Instant Noodles - Chicken,quick-meal,"['Lunch', 'Dinner', 'Snack']","['grams', 'g']",100.0,380.0,10.0,65.0,12.0,heavy
Instant Noodles - Cheese,quick-meal,"['Lunch', 'Dinner', 'Snack']","['grams', 'g']",100.0,380.0,10.0,65.0,12.0,heavy
